no,CHAPTER,CHARACTER,IMAGE,BACKGROUND,BGM,START_POINT,END_POINT,MONEY,ACTION,CONTENT,비고
0,0,0,0,,,,,,,null,
1,1,0,0,,,2,30,,,~대화,
2,1,0,0,,,,,,,21살 지잡대 미필 술집 알바생,
3,1,0,0,,,,,,,내 보잘것 없는 프로필.,
4,1,1,0,,,,,,,하아… 아무나 나 좀 데려가서 멱여살려주면 좋겠다…,
5,1,0,0,,,,,,,"그밖에도 모태솔로에, 눈치는 개나주고, 특별히 할줄 아는 것도 없다.",
6,1,0,0,,,,,,,의지박약이라 무슨 일이든 오래 붙잡지도 못하고 간신히 한달 정도 하고 있는게 술집 알바 되시겠다.,
7,1,1,0,,,,,,,…내 인생 완전 노답이네.,
8,1,0,0,,,,,,,"아, 딱 하나 자랑 삼을 것이 있긴했다.",
9,1,0,0,,,,,,,바로 어릴적부터 개코로 이름 날린 내 후각.,
10,1,0,0,,,,,,,"급식 시절, 냄새만으로 점심메뉴를 맞추던 소소한 재미에 학교를 다니기도 했었다.",
11,1,0,0,,,,,,,하지만 그것도 옛날 얘기.,
12,1,0,0,,,,,,,길어지는 방학의 무료함을 견디지 못하고 술집 알바를 시작하게 됐다.,
13,1,0,0,,,,,,,술집에서 알바를 하다보면 여러가지 냄새를 맡을 수 있었다.,
14,1,0,0,,,,,,,"각양각색의 술냄새, 마룻바닥의 걸레 냄새, 사람들의 향수 냄새, 달짝지근한 안주 냄새",
15,1,5,0,,,,,,,욱… 우욱..!,
16,1,1,0,,,,,,,…,
17,1,1,0,,,,,,,나중에 치워야겠다…,
18,1,0,0,,,,,,,저런 맡기 싫은 냄새 까지도,
19,1,0,0,,,,,,,자극적인 냄새들을 자주 맡다보니 점점 냄새에 무뎌지게 됐다.,
20,1,0,0,,,,,,,요즘은 개코라는 별명이 무색하게 오히려 냄새가 잘 안느껴질 정도니까.,
21,1,0,0,,,,,,,하나 있는 나의 유일한 특기도 이렇게 사라져버리는 건가…,
22,1,1,0,,,,,,,…,
23,1,1,0,,,,,,,…응?,
24,1,0,0,,,,,,,이 냄새는 뭐지?,
25,1,0,0,,,,,,,낯선 자극이 한차례 코 끝을 훑었다.,
26,1,0,0,,,,,,,처음 맡아보는 냄새였다.,
27,1,1,0,,,,,,,냄새보다는… 향?,
28,1,0,0,,,,,,,오랜만에 느껴보는 새로운 향기가 먼 발치에서 날 유혹해왔다.,
29,1,0,0,,,,,,,"이윽고 향기는 짙은 분홍색의 색띠로 변하더니, 세명의 각 각 다른 사람을 가리켰다.",
30,1,0,0,,,,,,,이 향기의 주인은… 누구지?,
31,1,0,0,,,32,34,,,~선택지,
32,1,0,0,,,35,77,,,1. 포니테일의 스포티한 여자,
33,1,0,0,,,153,314,,,2. 갈색 머리를 한 수수한 분위기의 여자,
34,1,0,0,,,316,484,,,3. 금색 장발에 세련된 치장을 한 여자,
35,1,0,0,0,,,,,페이드 아웃,…,
36,1,0,0,0,,,,,페이드 인,…,
37,1,0,0,,,,,,띵동,(띵동),
38,1,0,0,,,,,,,7번 테이블에서 벨이 울렸다.,
39,1,1,0,,,,,,,네~ 갑니다~,
40,1,0,0,,,,,,,향기 때문에 잠시 멍을 때리던 나는 정신을 차리고 주문을 받으러 갔다.,
41,1,0,0,,,,,,,테이블엔 새내기로 보이는 대학생들이 빼곡히 둘러 앉아 하이텐션을 유지하며 술판을 벌이고 있었다.,
42,1,0,0,,,,,,,"누구에게 말을 걸어야 할지 스캔하고 있던 찰나, 한 포니테일의 여자가 잔뜩 신이 난 채 손을 번쩍 들어보였다.",
43,1,1,0,,,,,,,주문하시겠어요?,
44,1,11,2,,,,,,,네!! 저희…,
45,1,11,2,,,,,,,소주랑 맥주 두병씩 주시구여 어… 계란말이도 하나 주세요!,
46,1,0,0,,,,,,,주문을 받으며 테이블 상태를 둘러보았다.,
47,1,0,0,,,,,,,곳곳에 널부러진 음식물들… 술도 여기저기 쏟았고…,
48,1,0,0,,,,,,,오늘 알바도 호락호락하게 끝날 것 같진 않군.,
49,1,0,0,,,,,,,테이블을 치우긴 수십번은 치웠지만,
50,1,0,0,,,,,,,이런 대형 난장판을 마주할 때마다 어쩔 수 없이 자동으로 한숨이 나온다.,
51,1,1,0,,,,,,,"네~ 소주 맥주 두병씩이랑 계란말이, 이렇게 해서 갖다 드리겠습니다~",
52,1,0,0,,,,,,,"그래, 더럽게 마시는건 좋으니 제발 토만 하지마라 얘들아.",
53,1,0,0,,,,,,,남의 속마음을 아는지 모르는지 시끄러운 테이블을 뒤로하고 술을 가지러 고개를 돌렸다.,
54,1,11,2,,,,,,,아! 저희 그리고!,
55,1,0,0,,0,,,,쨍그랑,(쨍그랑!!),
56,1,0,0,,,,,,,…,
57,1,0,0,,,,,,,….,
58,1,0,0,,,,,,,신기한 경험이었다.,
59,1,0,0,,,,,,,항상 시끄러웠던 술집이 몇 초간 마치 우주가 멈춘 것처럼 정적이 흘렀다.,
60,1,0,0,,,,,,,"술집이 이렇게 조용할 수 있구나, 하고 내심 속으로 감탄하고 있었다.",
61,1,0,0,,0,,,,,하지만 정적이 유지된건 잠시 뿐,
62,1,0,0,,,,,,,무슨 일이라도 있었냐는 듯이 술집은 금세 소리로 가득 채워졌다.,
63,1,0,0,,,,,,,"근데, 왜 이렇게 밑이 축축하지...?",
64,1,0,0,,,,,,,"신기한 경험에 정신이 팔린 사이, 내 바지가 흥건하게 젖어있었다.",
65,1,0,0,,,,,,,아까 그 포니테일의 여자가 다급히 몸을 돌리면서 술잔과 부딪힌 모양이다.,
66,1,0,0,,,,,,,부딪힌 술잔이 떨어지면서 흩뿌려진 내용물이 바지를 맥주 향으로 물들이고 있었다.,
67,1,11,2,,,,,,화면 흔들림,죄송합니다!!!,
68,1,0,2,,,,,,,우렁찬 소리에 고개를 들어보니 아까 주문하던 여자가 안절부절한 상태로 서서 나를 쳐다보고 있었다.,
69,1,0,2,,,,,,,"살짝 그을린 갈빛 피부, 다부진 체형과 더불어 선명한 잔근육이 눈에 들어왔다.",
70,1,0,2,,,,,,,언뜻 보기에도 운동하는 사람임을 알 수 있었다.,
71,1,11,2,,,,,,,으아… 어떡해… 괜찮으세요? 다친신건 아니죠??,
72,1,1,2,,,,,,,"아, 네 뭐… 괜찮아요.",
73,1,0,2,,,,,,,"아니, 사실 매우 찝찝하긴 하다. 마침 여분 옷이 가게에 있어서 그나마 괜찮다는 표현이었다.",
74,1,0,2,,,,,,,그것보다 '다치신건 아니죠?' 라니,
75,1,0,2,,,,,,,걱정돼서 한 말이겠지만 듣기 썩 좋은 말은 아니다.,
76,1,0,2,,,,,,,마치 내가 정말 다쳤어도 안다쳤다고 말해야 될 것 같은 강요처럼 느껴졌다.,
77,1,0,2,,,,,,,"마음에 안들긴 해도 별로 큰 문제도 아니고, 저쪽도 진심으로 미안해하는 것 같으니 적당히 둘러대야겠다.",
78,1,0,2,,,79,80,,,~선택지,
79,1,0,0,,,81,151,,,1. 갈아입을 옷이 있어서 괜찮아요.,
80,1,0,0,,,81,151,,,2. 흔히 있는 일이라 괜찮아요.,
81,1,11,2,,,,,,,"그래도… 이것 봐요, 바지가 다 젖었잖아요…",
82,1,11,2,,,,,,클로즈 업,"안되겠다, 제가 빨아서 돌려드릴게요. 얼른 벗어서 저 주세요!",
83,1,0,2,,,,,,,이사람이 지금 무슨 소리를 하는거지? 취해서 헛소리를 하는건가?,
84,1,1,2,,,,,,,네? 아니요… 진짜 괜찮아요…,
85,1,11,2,,,,,,클로즈 업,제가 안괜찮아요! 저 빨래 진짜 잘하거든요? 새 옷보다 더 새거처럼 빨아서 돌려드릴게요!,
86,1,0,2,,,,,,,취객이 점점 가까이 다가오고 있다.,
87,1,0,2,,,,,,,이러다 정말 내 바지를 벗기기라도 할 셈인가보다.,
88,1,1,2,,,,,,,여기서 어떻게 바지를 벗어요!? 저 진짜 괜찮으니까 그만 좀 하세요..!,
89,1,11,2,,,,,,화면 흔들림,아니면 세탁비라도!!,
90,1,0,2,,,,,,,이 여자가 정말 미친건가?? 왜 이렇게 끈질겨?,
91,1,0,2,,,,,,,잔뜩 취해서 들리질 않는지 자꾸만 다가오다가 급기야 내 소매를 잡고 놓아주질 않는다.,
92,1,11,2,,,,,,,세..히끅.. 세탁비… 세탁비라도.. 드릴 테니까…,
93,1,0,2,,,,,,,이쯤 되니 술집 내 사람들도 하나둘씩 소란에 관심을 기울이기 시작했다.,
94,1,0,2,,,,,,,이 여자는 뭘 잘했다고 울기까지 하는걸까?,
95,1,0,2,,,,,,,갑자기 찾아온 난감한 상황에 내 인내심도 슬슬 한계를 드러내려 하는 중이다.,
96,1,0,2,,,,,,,마음 같아서는 힘을 써서라도 제지하고 싶지만!,
97,1,0,2,,,,,,,…솔직히 이 사람을 이길 수 있다는 생각이 들지 않는다.,
98,1,0,2,,,,,,,나는 마지막 인내심을 쥐어짜 마음을 가다듬고 상대를 타이르기 시작했다.,
99,1,1,2,,,,,,,…일단 주변 사람들 눈도 있으니까 진정 좀 하시고 자리에 돌아가봐요. 전 진짜 괜찮으니까.,
100,1,11,2,,,,,,,죄송…흑..죄송해요…,
101,1,5,0,,,,,,,죄송합니다;; 얘가 원래 이런 막무가내가 아닌데…,
102,1,0,0,,,,,,,여자가 조금 잠잠해지자 같이 마시던 손님들이 여자를 데리고 자리로 돌아갔다.,
103,1,0,0,,,,,,,술집은 언제 그랬냐는듯 금방 다시 사람들의 말소리로 가득찼다.,
104,1,1,0,,,,,,,후... 갑자기 웬 날벼락이야?,
105,1,1,0,,,,,,,…아! 바지! 바지 갈아 입어야지.,
106,1,0,0,,,,,,,사장님께 사정을 설명하고 옷을 갈아입어야겠다고 얘기했다.,
107,1,0,0,,,,,,,"사장님은 쪼잔한 사람이어서, 온갖 생색은 다 내실 줄 알았는데…",
108,1,0,0,,,,,,,생각보다 흔쾌히 그러라고 하셔서 조금은 놀랐다.,
109,1,0,0,,,,,,,나는 옷을 다 갈아입고 주문이 없는 틈을 타 쓰레기를 버리러 가게 밖으로 나왔다.,
110,1,0,0,0,,,,,페이드 아웃,…,
111,1,0,0,1,,,,,페이드 인,…,
112,1,0,0,,,,,,,손님이 많이 오니 쓰레기도 평소에 두배 가량은 더 생긴 것 같다.,
113,1,0,0,,,,,,,이놈의 쓰레기는 후각이 무뎌져도 늘 새로운 악취로 내 코를 찌른다.,
114,1,0,0,,,,,,,가게에서 나온 쓰레기를 다 처리하고 뒤로 돌아서는데 아까 그 여자가 가게문을 열고 나왔다.,
115,1,0,0,,,,,,,여자는 주변을 두리번 거리더니 나를 발견하자 종종걸음으로 다가와 말을 걸었다.,
116,1,11,2,,,,,,,저기...,
117,1,1,2,,,,,,,네? 무슨 일이세요?,
118,1,11,2,,,,,,,아까는 정말 죄송했어요… 제대로 사과드리고 싶어서…,
119,1,0,2,,,,,,,"술이 조금 깬 것인지, 아까와는 달리 조금 차분하고 진정된 목소리로 사과를 한다.",
120,1,0,2,,,,,,,하지만 진정된 건 목소리 뿐,
121,1,0,2,,,,,,,그만 귀찮게 해달라는 내 바람은 잘 전해지지 않았나보다.,
122,1,1,2,,,,,,,"됐어요. 어차피 자주 있는 일이기도 하고, 제가 세탁해서 다시 입으면 돼요.",
123,1,11,2,,,,,,,아뇨. 이건 제가 잘못한 거니까 제가 책임지는게 맞는 것 같아요.,
124,1,11,2,,,,,,,마음 같아서는 진짜로 빨아서 드리고 싶은데… 으으…,
125,1,0,2,,,,,,,도대체 언제까지 이러고 있을 생각이지,
126,1,0,2,,,,,,,괜찮다고 말했는데 사람 말을 귓등으로도 안듣잖아?,
127,1,0,2,,,,,,,무시하고 지나가려고 해도 애매하게 앞길을 막고 있어서 지나갈 공간이 없다.,
128,1,0,2,,,,,,,마음 같아서는 밀쳐서라고 가고 싶지만!,
129,1,0,2,,,,,,,…도저히 싸워서 이사람을 이길 자신이 없다.,
130,1,1,2,,,,,,,저는 진짜 괜찮으니까. 제발… 들어가서 술이나 마셔주세요.,
131,1,0,2,,,,,,,나도 모르게 신경질적으로 말하고 말았다…,
132,1,0,2,,,,,,,괜스레 미안한 마음에 시치미를 떼는 척 휴대폰을 꺼내 무언가를 보는 흉내를 냈다.,
133,1,0,2,,,,,,,(휙!),
134,1,1,2,,,,,,,???,
135,1,0,2,,,,,,,그녀가 잽싸게 내 손에 든 휴대폰을 뺏어갔다.,
136,1,1,2,,,,,,,"저기요, 지금 뭐하시는 거예요?",
137,1,0,2,,,,,,,이사람이 도대체 뭐하자는 거야?,
138,1,0,2,,,,,,,운동 좀 한다고 사람 물건을 이렇게 막 가져가도 되는거야?!,
139,1,1,2,,,,,,,저기요..! 지금 이게 무슨,
140,1,11,2,,,,,,,지구하!,
141,1,1,2,,,,,,,네?,
142,1,11,2,,,,,,,제 이름. 지구하예요.,
143,1,1,2,,,,,,,그러니까… 어쩌자는 겁니까?,
144,1,0,2,,,,,,,그녀는 자기 폰과 내 폰을 번갈아 누르더니 용무가 끝났는지 폰을 들이밀면서 말했다.,
145,1,2,2,,,,,,,"제 폰 번호 거기 찍어놨으니까, 제 이름 까먹지 마시고 연락오면 꼭 받아주세요.",
146,1,2,2,,,,,,,잠수타기 없기에요! 오늘 빚은 어떻게든 갚을거니까! 세탁비든 손빨래든 뭐든 해드릴 테니까!,
147,1,0,0,,,,,,,지구하는 일방적으로 다그치다가 가게 건너편으로 홀연히 사라져 버렸고,
148,1,0,0,,,,,,,그녀의 짐을 챙긴 친구들이 가게에서 나온 것은 그로부터 한참 후였다.,
149,1,0,0,,,,,,,진짜… 피곤해 죽겠다. 뭐 저런 사람이 다 있지?,
150,1,0,0,,,,,,,습관적으로 꺼내 본 폰 화면에는 지구하라는 이름의 부재중 전화 한통이 찍혀 있을 뿐이었다.,
151,1,0,0,1,,,,,페이드 아웃,…,
152,1,0,0,,,485,485,,,~이동,
153,1,0,0,0,,,,,페이드 아웃,…,
154,1,0,0,0,,,,,페이드 인,…,
155,1,1,0,,,,,,,이게 무슨 향기지?,
156,1,0,0,,,,,,,눈에 보인다는 착각을 일으킬 만큼 달달한 향기가 도달한 곳엔,
157,1,0,0,,,,,,,스타일은 평범하지만 나름 귀여운 인상의 여자애가 앉아있었다.,
158,1,1,0,,,,,,,오… 이건 제법… 귀하군요…,
159,1,11,0,,,,,,,이런 XX 너 지금 말 다했어?!,
160,1,11,0,,,,,,,XXX이 XX 여자라고 봐줄줄 알아?!,
161,1,1,0,,,,,,,????,
162,1,0,0,,,,,,,가만히 듣고있기 힘든 육두문자가 사방에 울려퍼졌다.,
163,1,0,0,,,,,,,목청도 좋지… 욕을 저렇게 큰 소리로…,
164,1,5,0,,,,,,웅성웅성,"(웅성웅성) 뭐야, 분위기 잡치네… 술집에서 싸우고 난리야.",
165,1,6,0,,,,,,웅성웅성,"(웅성웅성) 저러다 몸싸움 나겠는데, 알바는 뭐하고 있는거야?",
166,1,0,0,,,,,,,맞는 말이다. 알바는 빨리 안말리고 뭐하고 있는거야?,
167,1,1,0,,,,,,,…,
168,1,1,0,,,,,,,"아, 내가 알ㅂ",
169,1,0,0,,,,,,,뒤늦게 눈치챈 나는 싸움이 일어난 곳으로 황급히 달려갔다.,
170,1,0,0,0,,,,,페이드 아웃,…,
171,1,0,0,0,,,,,페이드 인,몇분 전…,
172,1,11,3,,,,,,,저기… 그냥 이렇게 우리끼리만 마시고 가면 안돼..?,
173,1,5,3,,,,,,,무슨 소리야! 우리 아맘 남친 만들어주려고 여기까지 왔는데!,
174,1,5,3,,,,,,,아맘은 걱정 붙들어매고 이 언니만 믿어! 오늘 실한 놈으로다가 짝만들어주고 갈라니까.,
175,1,11,3,,,,,,,우으… 밖에서 닉네임으로 부르는건 너밖에 없을거야…,
176,1,11,3,,,,,,,그냥 본명으로 부르면 안돼..? 부끄러워 죽겠어…,
177,1,5,3,,,,,,,부끄러우면 너가 잘 지었어야지! '아더 마음대로 다 해'라서 아맘이라는게 말이야 방구야?,
178,1,5,3,,,,,,,"그리고, 갑자기 남친이 필요하다고 한건 너잖아! 너 스타일링하는데 얼마나 힘들었는데.",
179,1,5,3,,,,,,,그.. 뭐냐.. 안꾸꾸?,
180,1,11,3,,,,,,,꾸안꾸라고 했잖아… 철지난 유행어 들이대는 아저씨 같으니까 자꾸 말하지마…,
181,1,5,3,,,,,,,"이게에 너도 똑같으면서 아싸라고 눈치주네? 됐고, 일단 술부터 시켜!",
182,1,5,3,,,,,,,적당히 마시다가 좀 오른거 같으면 그때 이어줄게.,
183,1,11,3,,,,,,,술 싫은데… 꼭 마셔야돼..?,
184,1,5,3,,,,,,,"나, 나도 맨정신으론 힘들어서 그래! 술집와서 술을 안마시는 것도 이상하잖아.",
185,1,5,3,,,,,,,너 나중에 남자와도 이렇게 술 빼면 죽어 아주.,
186,1,0,0,0,,,,,페이드 아웃,…,
187,1,0,3,0,,,,,페이드 인,몇분 후…,
188,1,11,3,,,,,,,"여포야… 너무 많이 마신거 아니야? 남자친구는 이제 됐으니까, 그냥 들어가자… 응?",
189,1,5,3,,,,,,,야! 누가 여포야! 너도 나 방구석 여포라고 무시하냐??,
190,1,11,3,,,,,,,아니이 그게 아니라… 너 닉네임이 방구석 여포잖아… 이름보다 닉네임이 더 편하다며…,
191,1,5,3,,,,,,,"에잇 기다려봐. 나도 마냥 마시기만한게 아니라구. 이왕 만드는 남친, 허우대 멀쩡한 사람이 좋지 않겠어?",
192,1,5,3,,,,,,,너도 저런 문.신.국.밥.돼.지 랑 사귀긴 싫을거 아니야~!,
193,1,11,3,,,,,,,여포야…! 소리가 너무 커…!,
194,1,6,0,,0,,,,,야,
195,1,11,3,,,,,,,힉!...…딸꾹…,
196,1,5,0,,,,,,,야? 야아?? 반말? 지금 반말했냐?,
197,1,6,0,,,,,,,시비는 지가 먼저 걸어놓고는 XX년이 뒤질라고.,
198,1,6,0,,,,,,,술 꼴아서 사리분별이 잘 안돼? 정신 차리게 해줘?,
199,1,11,3,,,,,,,"ㅇ, 여, 여포야… 지금이라도 사과하고 도, 도게자 박자…",
200,1,5,3,,,,,,,뭐?? XX년?,
201,1,5,3,,,,,,,이런 XX 너 지금 말 다했어?!,
202,1,6,3,,,,,,,다했다 XX년아. 너 뭔데. 자신있어?,
203,1,6,3,,,,,,,XXX이 XX 여자라고 봐줄줄 알아?!,
204,1,11,3,,,,,,,우윽…읏…,
205,1,11,3,,,,,,,"후에엥ㅠ, 방구석 여포라며… 진짜 여포짓을 하면 어떡해ㅠㅠ",
206,1,0,0,0,,,,,페이드 아웃,…,
207,1,0,0,0,0,,,,페이드 인,후우… 일 났네.,
208,1,0,0,,,,,,,"말려야될 것 같아서 오긴 했지만, 둘이 생각보다 치열하게 싸운다.",
209,1,5,0,,,,,,,"XX이 XXX같이 XX하네, 야! XX 너 XXXX!",
210,1,0,0,,,,,,,어우… 저렇게 험한 말을 현실에서 듣는건 처음이다…,
211,1,0,0,,,,,,,"물론 험악하기 짝이 없긴 남자쪽도 마찬가지였다. 아, 언변이 아니라 다른 쪽이.",
212,1,0,0,,,,,,,아무튼 이대로 놔두면 몸싸움이라도 날 판이었다.,
213,1,1,0,,,,,,,저기… 진정하시고…,
214,1,0,0,,,,,,,잔뜩 쫄아서 기어들어가는 목소리로 말린 탓에 싸움은 끝날 기미가 안보였다.,
215,1,11,3,,,,,,,…그만해…,
216,1,11,3,,,,,,,…그만…제발 좀…,
217,1,11,3,,0,,,,화면 흔들림,(쩌렁쩌렁) 그만하라고 문신돼지가오충아!,
218,1,0,0,,,,,,,…,
219,1,0,0,,,,,,,아… 저질렀다.,
220,1,0,0,,,,,,,귀염상의 그녀는 보기와는 다르게 화끈한 발언을 뱉을 줄 아는 상여자였다.,
221,1,11,3,,,,,,,"그…그만…해…주, 주세요오…",
222,1,6,3,,,,,,,이년들이 둘이서 쌍으로 도랐나!,
223,1,0,3,,,,,,,문신돼지가 왼손을 크게 위로 뻗었다.,
224,1,0,3,,,,,,,어? 진짜 때리는거야? 어어?,
225,1,0,3,,,,,,,그 순간은 정말 시간이 멈춘 것처럼 천천히 흘렀다.,
226,1,0,3,,,,,,,논리가 채 완성되기 전에 몸이 먼저 움직였다.,
227,1,0,3,,,,,,,"문신돼지의 손바닥은 예상된 각도로 내려왔고,",
228,1,0,3,,,,,,,내 오른뺨에 명중하는 건 찰나의 순간이 지난 후였다.,
229,1,0,3,,,,,,,육중한 몸과는 다르게 생각보다 그렇게 아프지는…,
230,1,0,0,,,,,,화면 꺼짐,(뻐억!),
231,1,0,0,,,,,,털썩,(털썩),
232,1,0,3,0,,,,,페이드 인,…,
233,1,0,3,,,,,,삐이이,…,
234,1,0,3,,,,,,깜빡임 시작,…어라? 그렇게 아프지 않았는데…,
235,1,0,3,,,,,,,"아니, 이제 슬슬",
236,1,0,3,0,,,,,페이드 아웃,아픈 것… 같기도…,
237,1,0,0,,,,,,깜빡임 끝,…,
238,1,11,0,,,,,,,…나세요…,
239,1,11,0,,,,,,,…일어나세요…,
240,1,11,0,,,,,,,"…일어나세요, 용사여…",
241,1,0,0,,,,,,,"아아, 용사를 애타게 찾는 이 소리는…",
242,1,0,0,,,,,,,드디어 와버린건가… 「이세카이」에…,
243,1,11,0,,,,,,,씹덕처럼 생겼으니까 이렇게 깨우면 일어날거라니… 말도 안되는 소리야…,
244,1,11,3,0,0,,,,페이드 인,그리고 이사람… 눈이 너무 작아서 뜬건지도 모르겠어…,
245,1,11,3,,,,,,,…어? 눈이 움직이잖아? 진짜 용사소리에 깬거야? 진짜로??,
246,1,0,3,,,,,,,…,
247,1,0,3,,,,,,,…아,
248,1,0,3,,,,,,,…부끄러워 죽을 것 같다.,
249,1,5,0,,,,,,,…푸흡…푸하하핰!,
250,1,5,0,,,,,,,"아핰핰. 진짜 용사 소리에 깼어. 아핰핰, 아핳ㅎ핰ㅎ",
251,1,11,3,,,,,,,너무 웃지마… 우리 때문에 쓰러지신 거잖아…,
252,1,11,3,,,,,,,"저기, 괜찮으세요? 앞은 잘… 보이시는거죠?",
253,1,0,3,,,,,,,눈앞에 목숨을 걸고 지킨 여자가 날 걱정하고 있었다.,
254,1,0,3,,,,,,,이제보니 목숨을 걸 정도로는 안보이지만… 누군가의 걱정을 받는건 오랜만이라 이상한 느낌이었다.,
255,1,1,3,,,,,,,괜찮습니다. 혹시… 제가 얼마나 누워있었나요?,
256,1,11,3,,,,,,,그렇게 오래 누워계시진 않았어요…,
257,1,11,3,,,,,,,저희가 깨우는 동안에 경찰이 와서…,
258,1,0,3,,,,,,,자초지종을 들어보니 내가 일어날 때까지 그렇게 오래 걸리진 않은 모양이다.,
259,1,0,3,,,,,,,용사 소리에 깬건… 우연. 그래 우연이다.,
260,1,0,3,,,,,,,내가 누워있는 사이 누군가 신고한 경찰이 문신돼지를 영업방해로 연행해갔다.,
261,1,0,3,,,,,,,쩝… 깽값 벌 수 있었는데…,
262,1,11,3,,,,,,,…감사해요.,
263,1,11,3,,,,,,,저희도 시끄럽게 굴고 영업방해만 했는데… 몸싸움 말려주신거 정말 고마웠어요…,
264,1,11,3,,,,,,,"그게……아! 그때 정말, 용.. 용사 같았어요!",
265,1,1,3,,,,,,,아 네 뭐… 감사합니다. 다치신덴 없으신거 같아서 다행이네요.,
266,1,1,3,,,,,,,그럼 전 이만.,
267,1,11,3,,,,,,,"앗, 저기!",
268,1,0,0,,,,,,,"계속 누워있기 쪽팔리기도 했고, 여러모로 시선이 집중되기도 해서 급하게 자리를 떴다.",
269,1,0,0,,,,,,,용사는 얼어죽을… 아오 그때 왜 일어나서 하필!!,
270,1,1,0,,,,,,,하… 담배 마렵다… 이놈의 담배는 끊을 수가 없네.,
271,1,0,0,,,,,,,"꼴초처럼 하루에 몇갑씩 피는건 아니지만, 이런 대형사건이 터질 때면 하나씩 입에 물고는 한다.",
272,1,0,0,,,,,,,끊기로 했는데…… 아니지. 가끔 한 개비 정도로 스트레스를 풀 수 있으면 이거야말로 순기능이 아닐까?,
273,1,0,0,,,,,,,"조용히 가게 밖으로 발걸음을 옮긴 나는, 주머니 속에서 담배를 꺼내어 입에 물고 불을 붙였다.",
274,1,0,0,0,,,,,페이드 아웃,…,
275,1,0,0,1,,,,,페이드 인,…,
276,1,1,0,,,,,,,후우~ 살겠다.,
277,1,0,0,,,,,,,이번엔 정말 끊으라는 신의 계시인 듯 주머니 속에 남은 담배는 지금 물고 있는 돗대 하나 뿐이었다.,
278,1,1,0,,,,,,,그래. 끊어야지. 끊을건데!,
279,1,1,0,,,,,,,마지막 돗대는 못참지~ 야~무지게 빨아야지~!,
280,1,0,0,,,,,,,그때 오늘 목숨을 걸고 구한 그녀가 연신 기침을 해대며 나에게 다가왔다.,
281,1,0,0,,,,,,,"아앗, 아… 아직 절반도 다 못폈는데…",
282,1,11,3,,,,,,,"켈록, 켈록, 콜록, 저기, 저기요!",
283,1,11,3,,,,,,,"잠시만, 콜록, 얘기 좀… 콜록 켈흑",
284,1,0,3,,,,,,,"피라도 뱉으려는 기세로 기침을 해대니, 어쩔 수 없이 피던 담배를 급하게 껐다. 바이바이, 마이 돗대…",
285,1,11,3,,,,,,,"콜록 콜록, 켁… 담배를 피시네요… 이러면 좀 망설여지는데…",
286,1,0,3,,,,,,,뭘 망설인다는거야 이여자는. 내 라스트 해피타임을 시덥잖은 이유로 끊는 일 따윈 용서할 수 없다.,
287,1,0,3,,,,,,,용서할 수 없으면 내가 뭘 할 수 있는데? 바로 있는 힘껏 투정부리기다.,
288,1,1,3,,,,,,,…담배도 안하면서 왜 오신 거예요. 뭔데요?,
289,1,0,3,,,,,,,좋아. 개꼬울거다. 내 더러운 기분을 너도 느껴봐라!,
290,1,11,3,,,,,,,저어.. 그게…,
291,1,11,3,,,,,,,저랑… ㅅ..사귀어주세요!,
292,1,1,3,,,,,,,…,
293,1,11,3,,,,,,,……,
294,1,0,3,,,,,,,아무리 꼬와도 고백 공격이라니. 내 예상을 아득히 넘어간 반응이었다.,
295,1,0,3,,,,,,,심지어 나름 귀여운 얼굴이라 공격이라고 하기도 애매한 수준이었다.,
296,1,1,3,,,,,,,네? 이게 무슨… 다짜고짜… 사귀어 달라구요?,
297,1,11,3,,,,,,,"그게… 제가 빨리 나, 남친을 만들어야 되는데… 아까 절 구해주신게 너무.. 머, 멋있기도 했구…!",
298,1,11,3,,,,,,,"그러니까… 그러니까!… 저랑 사귀어주시면, 안될까…요?",
299,1,0,3,,,,,,,온갖 감정이 휘몰아친다. 설마 내가 고백을 받는 날이 오다니… 나보고 멋있다고 해주는 여자가 생기다니…,
300,1,0,3,,,,,,,빨리 남친을 만들어야 된다…니?,
301,1,0,3,,,,,,,"뭔가 이상하긴 하다. 귀여운 여자에게 고백을 받는거야 충분히 기쁘지만, 알 수 없는 말을 하기도 하고… 술도 좀 많이 마신 것 같으니 진심인지 알 수도 없다.",
302,1,0,3,,,,,,,"크으으, 그래도 이정도 여자가 먼저 고백을 하는데 마냥 거절할 수도 없는 노릇이다. 그렇다면…",
303,1,1,3,,,,,,,…죄송해요. 오늘 처음 뵌 분이기도 하고. 서로 잘 모르는데 고백부터 받을 수는 없을 것 같네요.,
304,1,11,3,,,,,,,"네?? 아, 그, 그럼… 그게…",
305,1,1,3,,,,,,,"그러니까, 아는 사이부터 시작할까요? 일단은, 친구부터 되는걸로.",
306,1,11,3,,,,,,,아아…아! 아!! 친구! 친구부터요!,
307,1,1,3,,,,,,,"네, 하하… 그런 의미에서 우리… 그, 통성명부터 할까요?",
308,1,11,3,,,,,,,통성명! 네! 통성명! 해요!,
309,1,3,3,,,,,,,"저는, 유가현이에요. 저랑 친구 해주셔서… 고마워요… 헤헤.",
310,1,0,0,,,,,,,나는 유가현과 짧게 통성명을 나누고 전화번호를 교환했다.,
311,1,0,0,,,,,,,유가현은 두 손으로 휴대폰을 꼭 쥐고 기대와 취기가 섞인 표정을 지었다.,
312,1,0,0,,,,,,,뒤늦게 부끄러움이 찾아온건지 가뜩이나 빨개진 얼굴을 더욱 붉히며 실내로 돌아갔다.,
313,1,0,0,,,,,,,생글생글 웃는 모습이 귀여웠다.,
314,1,0,0,1,,,,,페이드 아웃,…,
315,1,0,0,,,485,485,,,~이동,
316,1,0,0,0,,,,,페이드 아웃,…,
317,1,0,0,0,,,,,페이드 인,…,
318,1,0,0,,,,,,,이 향기는 어디서 나는 걸까.,
319,1,0,0,,,,,,,색띠는 가게의 문밖으로 이어져 있었다.,
320,1,1,0,,,,,,,문이 닫혀있는데 이정도라니… 향수를 얼마나 뿌려댄거야?,
321,1,0,0,,,,,,딸랑,(딸랑~),
322,1,1,0,,,,,,,앗,
323,1,0,0,,,,,,,가게 문을 바라보며 투덜거리다가 문이 열렸다.,
324,1,1,0,,,,,,,"어, 어서오세요! 몇 분이세요?",
325,1,0,0,,,,,,,당황한 나머지 말을 절어버렸다.,
326,1,0,0,,,,,,,아까 얘기한거… 들은건 아니겠지..?,
327,1,5,0,,,,,,,"히히…헤끅, 두명이요오~",
328,1,0,0,,,,,,,이사람들 이제보니 상태가 영 메롱이네,
329,1,0,0,,,,,,,어디서 좀 마시다가 2차로 온 모양이다.,
330,1,0,0,,,,,,,"휴우, 다행이다… 그럼 아까건 제대로 못들었겠네.",
331,1,1,0,,,,,,,네! 이쪽에 앉으시면 됩니다.,
332,1,0,0,,,,,,,간떨어지는 줄 알았다. 생각만 한다는게 어쩌다가 입으로 흘러나와서는…,
333,1,1,0,,,,,,,요놈의 입! 요놈의 입!,
334,1,0,0,,,,,,,애꿎은 입술을 손바닥으로 가볍게 혼냈다.,
335,1,0,4,,,,,,또각 또각,(또각또각),
336,1,0,4,,,,,,,(멈칫),
337,1,0,0,,,,,,,아까들어온 손님 중 한명이 자리로 가다말고 멈춰서 날 쳐다봤다.,
338,1,0,0,,,,,,,…입술만 문제가 아니었구만.,
339,1,0,0,,,,,,,저지른지 얼마나 됐다고 또 생각없이 행동이 튀어나왔다.,
340,1,0,0,,,,,,,부끄러움이 한계를 돌파해 그자리에서 더 이상 움직일 수 없었다.,
341,1,0,4,,,,,,또각 또각,(또각또각),
342,1,0,4,,,,,,,뻘쭘하게 서있는 내 옆으로 손님이 지나갔다.,
343,1,11,4,,,,,,,코가 좀 예민한가봐?,
344,1,1,4,,,,,,,네?,
345,1,11,4,,,,,,,향수 말이야. 바로 옆에 있던 쟤도 모르던건데.,
346,1,0,4,,,,,,,…어?,
347,1,0,4,,,,,,,…어???,
348,1,0,4,,,,,,,이여자 다 들었잖아?,
349,1,0,0,,,,,,,금발의 여자가 피식 웃으면서 안내한 자리로 천천히 걸어가 앉았다.,
350,1,0,0,,,,,,,하아… 오늘 왜이렇게 얼빠진 행동만 하지…,
351,1,0,0,,,,,,,…,
352,1,0,0,,,,,,,…근데 언제 봤다고 반말이야?,
353,1,0,0,,,,,,,자리에 앉아 수다를 떠는 둘에게 찌질한 눈초리를 보내는 나였다.,
354,1,0,0,,,,,,,물론 들키지 않게 조심히…,
355,1,1,0,,,,,,,스읍… 어디서 본 것 같기도 하고…,
356,1,0,0,,,,,,,이상한 기시감이 느껴졌지만 대수롭지 않게 넘기기로 했다.,
357,1,0,0,0,,,,,페이드 아웃,…,
358,1,0,4,0,,,,,페이드 인,…,
359,1,5,4,,,,,,,천하의 한서령 다죽었네~ 남자도 없이 2차 온건 처음이지 않아?,
360,1,5,4,,,,,,,아아 아쉽다~ 아까 그 염색한 애는 좀 괜찮았는데~,
361,1,4,4,,,,,,,후으…됐어… 걔네들 말이 너무 많아서 별로야.,
362,1,4,4,,,,,,,"그리고…몰라 아무튼, 거기서 계속 놀 기분 아니었어…",
363,1,5,4,,,,,,,"치이, 재미없게. 너어~ 솔직하게 자신없었지?",
364,1,5,4,,,,,,,"푸하하하, 한서령 퇴물 다됐네에~",
365,1,4,4,,,,,,,…야…너 이씨…,
366,1,4,4,,,,,,,…뭐라고 했냐?,
367,1,5,4,,,,,,,"에이, 화를 내고 구래~ 아니면,",
368,1,5,4,,,,,,,저어기. 저기 알바 한번 꼬셔볼까?,
369,1,4,4,,,,,,,뭐? 무슨 저런걸 꼬셔? 돈도 없어보이는데.,
370,1,4,4,,,,,,,눈도 옹이 눈에 와아안전 못생겼구만…,
371,1,5,4,,,,,,,에이~ 우리끼리 마시기도 심심하구~ 마침 한가해보이는데 뭐 어때~,
372,1,4,4,,,,,,,"아이씨, 필요없다니까! 내가 자존심이 있지. 저런…",
373,1,4,4,,,,,,,저런… 저런걸 꼬시라고? 같이 놀 남자가 없어서?,
374,1,4,4,,,,,,,안해애~! 안할거야. 오늘은 지쳤으니까 이거만 마시고 갈거야아-.,
375,1,5,4,,,,,,,하~그래~ 한서령 다죽었네 다죽었어!,
376,1,5,4,,,,,,,이젠 하다하다 술집 알바 꼬시는게 무섭대요~! 동네 사람들~,
377,1,4,4,,,,,,,이 년이… 사람 속을… 살살 긁고…!,
378,1,4,4,,,,,,,"…너어, 딱기다려",
379,1,0,0,0,,,,,페이드 아웃,…,
380,1,0,0,0,,,,,페이드 인,…,
381,1,0,0,,,,,,,웬일로 가게에 사람이 거의 없어서 조금 한가해졌다.,
382,1,0,0,,,,,,,덕분에 남아 있는 사람들의 이야기를 좀 엿들을 수 있었다.,
383,1,0,0,,,,,,,나는 벽에 기대서 휴대폰을 보는척 주위에 귀를 기울였다.,
384,1,11,0,,,,,,,…꼬셔볼까…,
385,1,0,0,,,,,,,호오… 여자쪽에서 먼저 헌팅이라…,
386,1,11,0,,,,,,,…돈도 없어보이는데…,
387,1,11,0,,,,,,,…옹이 눈에 완전 못생겼…,
388,1,0,0,,,,,,,풉..풉큭.. 남자가 너무 불쌍하잖아.,
389,1,11,0,,,,,,,…자존심이 있지…,
390,1,11,0,,,,,,,…저런걸 …꼬시라고?,
391,1,0,0,,,,,,,…어느정도길래 저렇게 까지…,
392,1,0,0,,,,,,,비록 모르는 사람이지만 속으로 남자를 응원했다.,
393,1,0,0,,,,,,,옹이 눈이면 어때! 분명 너의 매력을 알아주는 여자가 있을거야!,
394,1,11,0,,,,,,,이젠 하다하다 '술집 알바' 꼬시는게 무섭대요~!,
395,1,0,0,,,,,,,…,
396,1,0,0,,,,,,,어?,
397,1,0,0,,,,,,,내 얘기라고?,
398,1,11,0,,,,,,,동네 사람들~!,
399,1,11,4,,,,,,,야..! 너!,
400,1,11,4,,,,,,,…너 딱기다려,
401,1,0,0,,,,,,띵동,(띵동),
402,1,1,0,,,,,,,…,
403,1,0,0,,,,,,,…벨이 울린 자리엔 남자에 미친 두 여자가 앉아있었다.,
404,1,0,0,,,,,,,내 얘기를 하는게 저 인간들이었어?,
405,1,0,0,,,,,,,꼬신다는건 또 뭐고… 날 꼬시겠다고?,
406,1,0,0,,,,,,,나 못생겼다며? 옹이 눈이라며??,
407,1,0,0,,,,,,,…,
408,1,0,0,,,,,,,내가 그 정돈가?,
409,1,0,0,,,,,,,힝..,
410,1,0,0,,,,,,,시무룩한 마음을 머금고 테이블로 다가갔다.,
411,1,1,0,,,,,,,네 손님.. 필요하신거 있으세요?,
412,1,4,4,,,,,,,"여기 물이랑, 소주 한병이랑",
413,1,4,4,,,,,,,당신 번호.,
414,1,1,4,,,,,,,…네?,
415,1,4,4,,,,,,,푸훗 못들었어? 당신 번호달라고. 휴대폰 번호.,
416,1,0,4,,,,,,,꼬신다고 하길래 나름의 마음은 먹었지만.,
417,1,0,4,,,,,,,"다짜고짜 번호를 달라니, 어처구니가 없다.",
418,1,4,4,,,,,,,아니면 잉스타 아이디 주던가.,
419,1,1,4,,,,,,,…물이랑 소주 한병 맞으시죠?,
420,1,4,4,,,,,,,아아~ 됐어. 억지로 줄 필요 없으니까! 주기 싫으면…,
421,1,4,4,,,,,,,…주기 싫어도 주고가.,
422,1,0,4,,,,,,,"아아 생각났다. 이사람들, 항상 남자와 함께 오던 나름 단골손님이었지.",
423,1,0,4,,,,,,,하긴 늘 새로운 남자를 끼고 올 만큼 인기가 많은데 제대로 번호를 따봤을 리가 없다.,
424,1,0,4,,,,,,,오히려 막무가내로 번호를 요구할 뿐인데 거부하기 힘들다.,
425,1,0,4,,,,,,,"젠장, 예쁘면 이래도 먹히는구나!",
426,1,0,4,,,,,,,그때 불현듯 기억이 스쳐지나갔다.,
427,1,11,4,,,,,,,…옹이 눈…,
428,1,11,4,,,,,,,…자존심이 있지…,
429,1,0,4,,,,,,,그래 아무리 예뻐도 자존심 인형은 사양이다.,
430,1,0,4,,,,,,,"단순히 번호를 주냐 마냐처럼 보이지만, 이건 이미 자존심 대결이 돼버린거다.",
431,1,0,4,,,,,,,옹이 눈깔도 자존심이 있다!,
432,1,1,4,,,,,,,제가 눈이 좀 작아서 폰이 어딨는지 안보이네요~,
433,1,4,4,,,,,,,읏..!,
434,1,1,4,,,,,,,돈도 없어서 빨리 벌어야 하니 얼른 물이랑 소주 가져다 드릴게요!,
435,1,4,4,,,,,,,야! 너 그걸… 너!,
436,1,0,0,,,,,,,할말이 많아보였지만 난 서둘러 자리를 빠져나왔다.,
437,1,0,0,,,,,,,훗,
438,1,0,0,,,,,,,이 대결은 내가 이겼다!,
439,1,0,0,0,,,,,페이드 아웃,…,
440,1,0,0,0,,,,,페이드 인,약 한시간 뒤,
441,1,0,0,,,,,,,내가 진 대결이었다.,
442,1,0,0,,,,,,,손님이랑 싸워서 어쩌자는거야!,
443,1,0,0,,,,,,,만약 손님이 컴플레인이라도 걸었다간...,
444,1,0,0,,,,,,,가뜩이나 사장님과 사이도 안좋은데 해고당하는건 불보듯 뻔한 일이었다.,
445,1,1,0,,,,,,,하아… 얼른 알바 끝내고 집가고 싶다…,
446,1,10,0,,,,,,,주인공아! 지금 손님도 많이 없는데 남아 있는 테이블에 서비스라고 이거 좀 주고와.,
447,1,0,0,,,,,,,사장님이 살짝 얼린 파인애플을 내밀며 부탁했다.,
448,1,0,0,,,,,,,"마침 아까 싸운 사람들도 아직 테이블에 앉아있고 서비스도 있으니,",
449,1,0,0,,,,,,,이건 내 이미지를 회복시킬 절호의 찬스다.,
450,1,0,0,,,,,,,난 파인애플을 들고 위풍당당하게 테이블로 걸어갔다.,
451,1,1,0,,,,,,,실례합니다~ 서비스로 나온 파인애플 드셔보세요.,
452,1,5,0,,,,,,,우와아~ 감사합니다~ 나 파인애플 엄청 좋아하는데 잘먹을게요~,
453,1,1,0,,,,,,,좋아하신다니 다행이네요. 더 필요한건 없으세요?,
454,1,0,0,,,,,,,가볍게 훑어본 테이블 바닥엔 다 세지도 못할 술병이 나뒹굴고 있었다.,
455,1,0,0,,,,,,,저게 다 몇병이야… 이사람들 2차로 온거 아니었나?,
456,1,11,0,,,,,,,야! 알바!,
457,1,1,0,,,,,,,"네?......앗,",
458,1,0,4,,,,,,,날 부른 금발녀는 그 많은 술을 혼자 다 마신건지 몸도 제대로 못가누고 있었다.,
459,1,0,4,,,,,,,복장도 위험한데 무방비하게 앉아있는 탓에 어디에 눈을 둬야할 지 모르겠다.,
460,1,4,4,,,,,,,"어쭈, 손님이 부르는데 눈을 피해?",
461,1,1,4,,,,,,,…아닙니다. 필요한거 있으신가요?,
462,1,4,4,,,,,,,필요한거? 필요한거 있지 이자식아!,
463,1,4,4,,,,,,,너 번호 달랬잖아! 번호! 당장 번호 찍어!!,
464,1,0,4,,,,,,,"크윽, 가까이 오지마라. 난 그쪽을 볼 수 없단 말이야!",
465,1,0,4,,,,,,,"분명 예쁜 것도 맞고, 꼴… 아니 끌리는 여자임에는 확실하지만",
466,1,0,4,,,,,,,이런 술버릇이 고약한 여자에게 내 번호를 줄 순 없다.,
467,1,1,4,,,,,,,"아, 안돼요! 싫어요! 하지마세요!",
468,1,4,4,,,,,,,"뭐? 푸흐흡, 야 너 재밌다? 번호를 왜 못주는데?",
469,1,4,4,,,,,,,나 예쁘잖아?!,
470,1,1,4,,,,,,,"아니, 뭐… 예쁘시긴한데… 취향이 아니라고 할까… 갑작스럽기도 하고…",
471,1,0,4,,0,,,,쾅,(쾅),
472,1,0,4,,,,,,,금발녀가 테이블을 손바닥으로 내리치자 일순간 정적이 흘렀다.,
473,1,0,4,,,,,,,그녀는 화난건지 웃는건지 모를 복잡한 표정을 지었다.,
474,1,4,4,,,,,,,후우…그래. 너같은놈 알아. 사람 사귈줄 몰라서 들이대도 피하기만 하는 너 같은 놈!,
475,1,4,4,,,,,,,나 정도 여자가 번호 좀 물으면 주기나 할 것이지 별 것도 없는게…!,
476,1,1,4,,,,,,,…말씀이 너무 심하시네요. 소란피우지 마시고 조용히…,
477,1,4,4,,0,,,,,시끄러 옹이눈깔! 너 번호 같은거 없어도 연락할 방법이야 얼마든지 있어!,
478,1,1,0,,,,,,,네? 그게 무슨… 그것보다 또 옹이눈 이라고…!,
479,1,0,0,,,,,,딸랑,(딸랑),
480,1,4,4,,,,,,,후후… 또보자~? 옹이눈깔.,
481,1,0,0,,,,,,,금발년이 자리를 박차고 술집을 나섰다.,
482,1,5,0,,,,,,,아! 한서령 진짜! 저거 개또라이야!,
483,1,0,0,,,,,,,남은 일행이 투덜대며 술값을 계산하고는 한서령을 따라나갔다.,
484,1,0,0,0,,,,,페이드 아웃,…,
485,1,0,0,,,485,485,,,~챕터끝,
486,2,0,0,,,487,491,,,~대화,
487,2,0,0,,,,,,,챕터2 - 1,
488,2,0,0,,,,,,,챕터2 - 2,
489,2,0,0,,,,,,,챕터2 - 3,
490,2,0,0,,,,,,,챕터2 - 4,
491,2,0,0,,,,,,,챕터2 - 5,
492,,,,,,,,,,,
493,,,,,,,,,,,
494,,,,,,,,,,,
495,,,,,,,,,,,
496,,,,,,,,,,,
497,,,,,,,,,,,
498,,,,,,,,,,,
499,,,,,,,,,,,
500,,,,,,,,,,,
501,,,,,,,,,,,
502,,,,,,,,,,,
503,,,,,,,,,,,
504,,,,,,,,,,,
505,,,,,,,,,,,
506,,,,,,,,,,,
507,,,,,,,,,,,
508,,,,,,,,,,,
